日期,国家,确诊人数,治愈人数,死亡人数,新增确诊,新增治愈,新增死亡,现有确诊
2020/2/2,爱尔兰,0,0,0,0,0,0,0
2020/2/3,爱尔兰,0,0,0,0,0,0,0
2020/2/4,爱尔兰,0,0,0,0,0,0,0
2020/2/5,爱尔兰,0,0,0,0,0,0,0
2020/2/6,爱尔兰,0,0,0,0,0,0,0
2020/2/7,爱尔兰,0,0,0,0,0,0,0
2020/2/8,爱尔兰,0,0,0,0,0,0,0
2020/2/9,爱尔兰,0,0,0,0,0,0,0
2020/2/10,爱尔兰,0,0,0,0,0,0,0
2020/2/11,爱尔兰,0,0,0,0,0,0,0
2020/2/12,爱尔兰,0,0,0,0,0,0,0
2020/2/13,爱尔兰,0,0,0,0,0,0,0
2020/2/14,爱尔兰,0,0,0,0,0,0,0
2020/2/15,爱尔兰,0,0,0,0,0,0,0
2020/2/16,爱尔兰,0,0,0,0,0,0,0
2020/2/17,爱尔兰,0,0,0,0,0,0,0
2020/2/18,爱尔兰,0,0,0,0,0,0,0
2020/2/19,爱尔兰,0,0,0,0,0,0,0
2020/2/20,爱尔兰,0,0,0,0,0,0,0
2020/2/21,爱尔兰,0,0,0,0,0,0,0
2020/2/22,爱尔兰,0,0,0,0,0,0,0
2020/2/23,爱尔兰,0,0,0,0,0,0,0
2020/2/24,爱尔兰,0,0,0,0,0,0,0
2020/2/25,爱尔兰,0,0,0,0,0,0,0
2020/2/26,爱尔兰,0,0,0,0,0,0,0
2020/2/27,爱尔兰,0,0,0,0,0,0,0
2020/2/28,爱尔兰,0,0,0,0,0,0,0
2020/2/29,爱尔兰,1,0,0,1,0,0,1
2020/3/1,爱尔兰,1,0,0,0,0,0,1
2020/3/2,爱尔兰,1,0,0,0,0,0,1
2020/3/3,爱尔兰,2,0,0,1,0,0,2
2020/3/4,爱尔兰,6,0,0,4,0,0,6
2020/3/5,爱尔兰,13,0,0,7,0,0,13
2020/3/6,爱尔兰,18,0,0,5,0,0,18
2020/3/7,爱尔兰,19,0,0,1,0,0,19
2020/3/8,爱尔兰,21,0,0,2,0,0,21
2020/3/9,爱尔兰,24,0,0,3,0,0,24
2020/3/10,爱尔兰,34,0,0,10,0,0,34
2020/3/11,爱尔兰,43,0,1,9,0,1,42
2020/3/12,爱尔兰,70,0,1,27,0,0,69
2020/3/13,爱尔兰,90,0,1,20,0,0,89
2020/3/14,爱尔兰,129,0,2,39,0,1,127
2020/3/15,爱尔兰,169,0,2,40,0,0,167
2020/3/16,爱尔兰,223,0,2,54,0,0,221
2020/3/17,爱尔兰,292,0,2,69,0,0,290
2020/3/18,爱尔兰,366,0,2,74,0,0,364
2020/3/19,爱尔兰,557,5,3,191,5,1,549
2020/3/20,爱尔兰,683,5,3,126,0,0,675
2020/3/21,爱尔兰,785,5,3,102,0,0,777
2020/3/22,爱尔兰,906,5,4,121,0,1,897
2020/3/23,爱尔兰,1125,5,6,219,0,2,1114
2020/3/24,爱尔兰,1329,5,7,204,0,1,1317
2020/3/25,爱尔兰,1564,5,9,235,0,2,1550
2020/3/26,爱尔兰,1819,5,19,255,0,10,1795
2020/3/27,爱尔兰,2121,5,22,302,0,3,2094
2020/3/28,爱尔兰,2415,5,36,294,0,14,2374
2020/3/29,爱尔兰,2615,5,46,200,0,10,2564
2020/3/30,爱尔兰,2910,5,54,295,0,8,2851
2020/2/2,奥地利,0,0,0,0,0,0,0
2020/2/3,奥地利,0,0,0,0,0,0,0
2020/2/4,奥地利,0,0,0,0,0,0,0
2020/2/5,奥地利,0,0,0,0,0,0,0
2020/2/6,奥地利,0,0,0,0,0,0,0
2020/2/7,奥地利,0,0,0,0,0,0,0
2020/2/8,奥地利,0,0,0,0,0,0,0
2020/2/9,奥地利,0,0,0,0,0,0,0
2020/2/10,奥地利,0,0,0,0,0,0,0
2020/2/11,奥地利,0,0,0,0,0,0,0
2020/2/12,奥地利,0,0,0,0,0,0,0
2020/2/13,奥地利,0,0,0,0,0,0,0
2020/2/14,奥地利,0,0,0,0,0,0,0
2020/2/15,奥地利,0,0,0,0,0,0,0
2020/2/16,奥地利,0,0,0,0,0,0,0
2020/2/17,奥地利,0,0,0,0,0,0,0
2020/2/18,奥地利,0,0,0,0,0,0,0
2020/2/19,奥地利,0,0,0,0,0,0,0
2020/2/20,奥地利,0,0,0,0,0,0,0
2020/2/21,奥地利,0,0,0,0,0,0,0
2020/2/22,奥地利,0,0,0,0,0,0,0
2020/2/23,奥地利,0,0,0,0,0,0,0
2020/2/24,奥地利,0,0,0,0,0,0,0
2020/2/25,奥地利,2,0,0,2,0,0,2
2020/2/26,奥地利,2,0,0,0,0,0,2
2020/2/27,奥地利,3,0,0,1,0,0,3
2020/2/28,奥地利,5,0,0,2,0,0,5
2020/2/29,奥地利,10,0,0,5,0,0,10
2020/3/1,奥地利,14,0,0,4,0,0,14
2020/3/2,奥地利,16,0,0,2,0,0,16
2020/3/3,奥地利,24,0,0,8,0,0,24
2020/3/4,奥地利,24,0,0,0,0,0,24
2020/3/5,奥地利,41,0,0,17,0,0,41
2020/3/6,奥地利,55,0,0,14,0,0,55
2020/3/7,奥地利,79,0,0,24,0,0,79
2020/3/8,奥地利,104,0,0,25,0,0,104
2020/3/9,奥地利,131,2,0,27,2,0,129
2020/3/10,奥地利,182,4,0,51,2,0,178
2020/3/11,奥地利,246,4,0,64,0,0,242
2020/3/12,奥地利,361,4,1,115,0,1,356
2020/3/13,奥地利,504,6,1,143,2,0,497
2020/3/14,奥地利,655,6,1,151,0,0,648
2020/3/15,奥地利,860,6,2,205,0,1,852
2020/3/16,奥地利,1016,6,3,156,0,1,1007
2020/3/17,奥地利,1332,9,3,316,3,0,1320
2020/3/18,奥地利,1646,9,4,314,0,1,1633
2020/3/19,奥地利,2179,9,6,533,0,2,2164
2020/3/20,奥地利,2649,9,6,470,0,0,2634
2020/3/21,奥地利,2695,9,7,46,0,1,2679
2020/3/22,奥地利,3244,9,16,549,0,9,3219
2020/3/23,奥地利,3924,9,21,680,0,5,3894
2020/3/24,奥地利,4876,9,28,952,0,7,4839
2020/3/25,奥地利,5560,9,30,684,0,2,5521
2020/3/26,奥地利,6001,9,42,441,0,12,5950
2020/3/27,奥地利,7557,9,49,1556,0,7,7499
2020/3/28,奥地利,8271,225,68,714,216,19,7978
2020/3/29,奥地利,8774,479,86,503,254,18,8209
2020/3/30,奥地利,9618,636,108,844,157,22,8874
2020/2/2,澳大利亚,12,2,0,0,0,0,10
2020/2/3,澳大利亚,12,2,0,0,0,0,10
2020/2/4,澳大利亚,13,2,0,1,0,0,11
2020/2/5,澳大利亚,14,2,0,1,0,0,12
2020/2/6,澳大利亚,15,5,0,1,3,0,10
2020/2/7,澳大利亚,15,5,0,0,0,0,10
2020/2/8,澳大利亚,15,5,0,0,0,0,10
2020/2/9,澳大利亚,15,5,0,0,0,0,10
2020/2/10,澳大利亚,15,5,0,0,0,0,10
2020/2/11,澳大利亚,15,5,0,0,0,0,10
2020/2/12,澳大利亚,15,5,0,0,0,0,10
2020/2/13,澳大利亚,15,5,0,0,0,0,10
2020/2/14,澳大利亚,15,5,0,0,0,0,10
2020/2/15,澳大利亚,15,5,0,0,0,0,10
2020/2/16,澳大利亚,15,5,0,0,0,0,10
2020/2/17,澳大利亚,15,5,0,0,0,0,10
2020/2/18,澳大利亚,15,5,0,0,0,0,10
2020/2/19,澳大利亚,15,5,0,0,0,0,10
2020/2/20,澳大利亚,17,5,0,2,0,0,12
2020/2/21,澳大利亚,17,5,0,0,0,0,12
2020/2/22,澳大利亚,17,5,0,0,0,0,12
2020/2/23,澳大利亚,22,10,0,5,5,0,12
2020/2/24,澳大利亚,22,10,0,0,0,0,12
2020/2/25,澳大利亚,23,15,0,1,5,0,8
2020/2/26,澳大利亚,23,15,0,0,0,0,8
2020/2/27,澳大利亚,23,15,0,0,0,0,8
2020/2/28,澳大利亚,25,15,0,2,0,0,10
2020/2/29,澳大利亚,25,15,0,0,0,0,10
2020/3/1,澳大利亚,28,15,1,3,0,1,12
2020/3/2,澳大利亚,33,15,1,5,0,0,17
2020/3/3,澳大利亚,40,21,1,7,6,0,18
2020/3/4,澳大利亚,44,21,2,4,0,1,21
2020/3/5,澳大利亚,60,21,2,16,0,0,37
2020/3/6,澳大利亚,64,21,2,4,0,0,41
2020/3/7,澳大利亚,74,21,3,10,0,1,50
2020/3/8,澳大利亚,83,21,3,9,0,0,59
2020/3/9,澳大利亚,101,22,3,18,1,0,76
2020/3/10,澳大利亚,117,22,3,16,0,0,92
2020/3/11,澳大利亚,128,24,3,11,2,0,101
2020/3/12,澳大利亚,159,24,3,31,0,0,132
2020/3/13,澳大利亚,159,24,3,0,0,0,132
2020/3/14,澳大利亚,236,24,3,77,0,0,209
2020/3/15,澳大利亚,272,24,5,36,0,2,243
2020/3/16,澳大利亚,368,27,6,96,3,1,335
2020/3/17,澳大利亚,449,27,6,81,0,0,416
2020/3/18,澳大利亚,596,27,6,147,0,0,563
2020/3/19,澳大利亚,636,27,6,40,0,0,603
2020/3/20,澳大利亚,929,46,7,293,19,1,876
2020/3/21,澳大利亚,1051,46,7,122,0,0,998
2020/3/22,澳大利亚,1609,46,7,558,0,0,1556
2020/3/23,澳大利亚,1887,118,7,278,72,0,1762
2020/3/24,澳大利亚,2317,118,8,430,0,1,2191
2020/3/25,澳大利亚,2423,118,8,106,0,0,2297
2020/3/26,澳大利亚,2985,170,12,562,52,4,2803
2020/3/27,澳大利亚,3143,170,13,158,0,1,2960
2020/3/28,澳大利亚,3809,170,14,666,0,1,3625
2020/3/29,澳大利亚,4148,244,16,339,74,2,3888
2020/3/30,澳大利亚,4361,257,17,213,13,1,4087
2020/2/2,巴西,0,0,0,0,0,0,0
2020/2/3,巴西,0,0,0,0,0,0,0
2020/2/4,巴西,0,0,0,0,0,0,0
2020/2/5,巴西,0,0,0,0,0,0,0
2020/2/6,巴西,0,0,0,0,0,0,0
2020/2/7,巴西,0,0,0,0,0,0,0
2020/2/8,巴西,0,0,0,0,0,0,0
2020/2/9,巴西,0,0,0,0,0,0,0
2020/2/10,巴西,0,0,0,0,0,0,0
2020/2/11,巴西,0,0,0,0,0,0,0
2020/2/12,巴西,0,0,0,0,0,0,0
2020/2/13,巴西,0,0,0,0,0,0,0
2020/2/14,巴西,0,0,0,0,0,0,0
2020/2/15,巴西,0,0,0,0,0,0,0
2020/2/16,巴西,0,0,0,0,0,0,0
2020/2/17,巴西,0,0,0,0,0,0,0
2020/2/18,巴西,0,0,0,0,0,0,0
2020/2/19,巴西,0,0,0,0,0,0,0
2020/2/20,巴西,0,0,0,0,0,0,0
2020/2/21,巴西,0,0,0,0,0,0,0
2020/2/22,巴西,0,0,0,0,0,0,0
2020/2/23,巴西,0,0,0,0,0,0,0
2020/2/24,巴西,0,0,0,0,0,0,0
2020/2/25,巴西,0,0,0,0,0,0,0
2020/2/26,巴西,1,0,0,1,0,0,1
2020/2/27,巴西,1,0,0,0,0,0,1
2020/2/28,巴西,1,0,0,0,0,0,1
2020/2/29,巴西,2,0,0,1,0,0,2
2020/3/1,巴西,2,0,0,0,0,0,2
2020/3/2,巴西,2,0,0,0,0,0,2
2020/3/3,巴西,2,0,0,0,0,0,2
2020/3/4,巴西,3,0,0,1,0,0,3
2020/3/5,巴西,8,0,0,5,0,0,8
2020/3/6,巴西,13,0,0,5,0,0,13
2020/3/7,巴西,19,0,0,6,0,0,19
2020/3/8,巴西,25,0,0,6,0,0,25
2020/3/9,巴西,25,0,0,0,0,0,25
2020/3/10,巴西,34,0,0,9,0,0,34
2020/3/11,巴西,52,0,0,18,0,0,52
2020/3/12,巴西,77,0,0,25,0,0,77
2020/3/13,巴西,98,0,0,21,0,0,98
2020/3/14,巴西,151,0,0,53,0,0,151
2020/3/15,巴西,176,0,0,25,0,0,176
2020/3/16,巴西,200,0,0,24,0,0,200
2020/3/17,巴西,290,0,1,90,0,1,289
2020/3/18,巴西,514,0,4,224,0,3,510
2020/3/19,巴西,514,0,4,0,0,0,510
2020/3/20,巴西,970,2,11,456,2,7,957
2020/3/21,巴西,1128,2,18,158,0,7,1108
2020/3/22,巴西,1546,2,25,418,0,7,1519
2020/3/23,巴西,1891,2,34,345,0,9,1855
2020/3/24,巴西,2201,2,46,310,0,12,2153
2020/3/25,巴西,2433,2,57,232,0,11,2374
2020/3/26,巴西,2915,2,57,482,0,0,2856
2020/3/27,巴西,3417,6,92,502,4,35,3319
2020/3/28,巴西,3904,6,111,487,0,19,3787
2020/3/29,巴西,4256,6,136,352,0,25,4114
2020/3/30,巴西,4630,120,163,374,114,27,4347
2020/2/2,比利时,0,0,0,0,0,0,0
2020/2/3,比利时,0,0,0,0,0,0,0
2020/2/4,比利时,1,0,0,1,0,0,1
2020/2/5,比利时,1,0,0,0,0,0,1
2020/2/6,比利时,1,0,0,0,0,0,1
2020/2/7,比利时,1,0,0,0,0,0,1
2020/2/8,比利时,1,0,0,0,0,0,1
2020/2/9,比利时,1,0,0,0,0,0,1
2020/2/10,比利时,1,0,0,0,0,0,1
2020/2/11,比利时,1,0,0,0,0,0,1
2020/2/12,比利时,1,0,0,0,0,0,1
2020/2/13,比利时,1,0,0,0,0,0,1
2020/2/14,比利时,1,0,0,0,0,0,1
2020/2/15,比利时,1,0,0,0,0,0,1
2020/2/16,比利时,1,0,0,0,0,0,1
2020/2/17,比利时,1,0,0,0,0,0,1
2020/2/18,比利时,1,1,0,0,1,0,0
2020/2/19,比利时,1,1,0,0,0,0,0
2020/2/20,比利时,1,1,0,0,0,0,0
2020/2/21,比利时,1,1,0,0,0,0,0
2020/2/22,比利时,1,1,0,0,0,0,0
2020/2/23,比利时,1,1,0,0,0,0,0
2020/2/24,比利时,1,1,0,0,0,0,0
2020/2/25,比利时,1,1,0,0,0,0,0
2020/2/26,比利时,1,1,0,0,0,0,0
2020/2/27,比利时,1,1,0,0,0,0,0
2020/2/28,比利时,1,1,0,0,0,0,0
2020/2/29,比利时,1,1,0,0,0,0,0
2020/3/1,比利时,2,1,0,1,0,0,1
2020/3/2,比利时,8,1,0,6,0,0,7
2020/3/3,比利时,13,1,0,5,0,0,12
2020/3/4,比利时,23,1,0,10,0,0,22
2020/3/5,比利时,50,1,0,27,0,0,49
2020/3/6,比利时,109,1,0,59,0,0,108
2020/3/7,比利时,169,1,0,60,0,0,168
2020/3/8,比利时,200,1,0,31,0,0,199
2020/3/9,比利时,239,1,0,39,0,0,238
2020/3/10,比利时,267,1,0,28,0,0,266
2020/3/11,比利时,314,1,3,47,0,3,310
2020/3/12,比利时,399,1,3,85,0,0,395
2020/3/13,比利时,556,1,3,157,0,0,552
2020/3/14,比利时,689,1,4,133,0,1,684
2020/3/15,比利时,886,1,4,197,0,0,881
2020/3/16,比利时,1085,1,4,199,0,0,1080
2020/3/17,比利时,1243,1,10,158,0,6,1232
2020/3/18,比利时,1486,1,14,243,0,4,1471
2020/3/19,比利时,1795,1,21,309,0,7,1773
2020/3/20,比利时,2257,1,37,462,0,16,2219
2020/3/21,比利时,2815,1,67,558,0,30,2747
2020/3/22,比利时,3401,1,75,586,0,8,3325
2020/3/23,比利时,3743,350,88,342,349,13,3305
2020/3/24,比利时,4269,350,122,526,0,34,3797
2020/3/25,比利时,4937,350,122,668,0,0,4465
2020/3/26,比利时,6235,675,220,1298,325,98,5340
2020/3/27,比利时,7284,675,289,1049,0,69,6320
2020/3/28,比利时,9134,1063,353,1850,388,64,7718
2020/3/29,比利时,10836,1063,431,1702,0,78,9342
2020/3/30,比利时,11899,1527,513,1063,464,82,9859
2020/2/2,冰岛,0,0,0,0,0,0,0
2020/2/3,冰岛,0,0,0,0,0,0,0
2020/2/4,冰岛,0,0,0,0,0,0,0
2020/2/5,冰岛,0,0,0,0,0,0,0
2020/2/6,冰岛,0,0,0,0,0,0,0
2020/2/7,冰岛,0,0,0,0,0,0,0
2020/2/8,冰岛,0,0,0,0,0,0,0
2020/2/9,冰岛,0,0,0,0,0,0,0
2020/2/10,冰岛,0,0,0,0,0,0,0
2020/2/11,冰岛,0,0,0,0,0,0,0
2020/2/12,冰岛,0,0,0,0,0,0,0
2020/2/13,冰岛,0,0,0,0,0,0,0
2020/2/14,冰岛,0,0,0,0,0,0,0
2020/2/15,冰岛,0,0,0,0,0,0,0
2020/2/16,冰岛,0,0,0,0,0,0,0
2020/2/17,冰岛,0,0,0,0,0,0,0
2020/2/18,冰岛,0,0,0,0,0,0,0
2020/2/19,冰岛,0,0,0,0,0,0,0
2020/2/20,冰岛,0,0,0,0,0,0,0
2020/2/21,冰岛,0,0,0,0,0,0,0
2020/2/22,冰岛,0,0,0,0,0,0,0
2020/2/23,冰岛,0,0,0,0,0,0,0
2020/2/24,冰岛,0,0,0,0,0,0,0
2020/2/25,冰岛,0,0,0,0,0,0,0
2020/2/26,冰岛,0,0,0,0,0,0,0
2020/2/27,冰岛,0,0,0,0,0,0,0
2020/2/28,冰岛,1,0,0,1,0,0,1
2020/2/29,冰岛,1,0,0,0,0,0,1
2020/3/1,冰岛,1,0,0,0,0,0,1
2020/3/2,冰岛,6,0,0,5,0,0,6
2020/3/3,冰岛,14,1,0,8,1,0,13
2020/3/4,冰岛,26,1,0,12,0,0,25
2020/3/5,冰岛,34,1,0,8,0,0,33
2020/3/6,冰岛,45,1,0,11,0,0,44
2020/3/7,冰岛,50,1,0,5,0,0,49
2020/3/8,冰岛,55,1,0,5,0,0,54
2020/3/9,冰岛,65,1,0,10,0,0,64
2020/3/10,冰岛,81,1,0,16,0,0,80
2020/3/11,冰岛,90,2,0,9,1,0,88
2020/3/12,冰岛,109,2,0,19,0,0,107
2020/3/13,冰岛,128,2,0,19,0,0,126
2020/3/14,冰岛,156,2,0,28,0,0,154
2020/3/15,冰岛,177,2,0,21,0,0,175
2020/3/16,冰岛,180,2,0,3,0,0,178
2020/3/17,冰岛,220,2,0,40,0,0,218
2020/3/18,冰岛,250,2,0,30,0,0,248
2020/3/19,冰岛,330,2,0,80,0,0,328
2020/3/20,冰岛,409,2,0,79,0,0,407
2020/3/21,冰岛,473,5,1,64,3,1,467
2020/3/22,冰岛,568,5,1,95,0,0,562
2020/3/23,冰岛,588,5,1,20,0,0,582
2020/3/24,冰岛,648,5,2,60,0,1,641
2020/3/25,冰岛,739,5,2,91,0,0,732
2020/3/26,冰岛,802,5,2,63,0,0,795
2020/3/27,冰岛,890,82,2,88,77,0,806
2020/3/28,冰岛,963,114,2,73,32,0,847
2020/3/29,冰岛,1020,135,2,57,21,0,883
2020/3/30,冰岛,1086,157,2,66,22,0,927
2020/2/2,丹麦,0,0,0,0,0,0,0
2020/2/3,丹麦,0,0,0,0,0,0,0
2020/2/4,丹麦,0,0,0,0,0,0,0
2020/2/5,丹麦,0,0,0,0,0,0,0
2020/2/6,丹麦,0,0,0,0,0,0,0
2020/2/7,丹麦,0,0,0,0,0,0,0
2020/2/8,丹麦,0,0,0,0,0,0,0
2020/2/9,丹麦,0,0,0,0,0,0,0
2020/2/10,丹麦,0,0,0,0,0,0,0
2020/2/11,丹麦,0,0,0,0,0,0,0
2020/2/12,丹麦,0,0,0,0,0,0,0
2020/2/13,丹麦,0,0,0,0,0,0,0
2020/2/14,丹麦,0,0,0,0,0,0,0
2020/2/15,丹麦,0,0,0,0,0,0,0
2020/2/16,丹麦,0,0,0,0,0,0,0
2020/2/17,丹麦,0,0,0,0,0,0,0
2020/2/18,丹麦,0,0,0,0,0,0,0
2020/2/19,丹麦,0,0,0,0,0,0,0
2020/2/20,丹麦,0,0,0,0,0,0,0
2020/2/21,丹麦,0,0,0,0,0,0,0
2020/2/22,丹麦,0,0,0,0,0,0,0
2020/2/23,丹麦,0,0,0,0,0,0,0
2020/2/24,丹麦,0,0,0,0,0,0,0
2020/2/25,丹麦,0,0,0,0,0,0,0
2020/2/26,丹麦,0,0,0,0,0,0,0
2020/2/27,丹麦,1,0,0,1,0,0,1
2020/2/28,丹麦,2,0,0,1,0,0,2
2020/2/29,丹麦,3,0,0,1,0,0,3
2020/3/1,丹麦,3,0,0,0,0,0,3
2020/3/2,丹麦,4,0,0,1,0,0,4
2020/3/3,丹麦,10,0,0,6,0,0,10
2020/3/4,丹麦,15,0,0,5,0,0,15
2020/3/5,丹麦,20,0,0,5,0,0,20
2020/3/6,丹麦,23,0,0,3,0,0,23
2020/3/7,丹麦,27,0,0,4,0,0,27
2020/3/8,丹麦,35,0,0,8,0,0,35
2020/3/9,丹麦,90,1,0,55,1,0,89
2020/3/10,丹麦,262,1,0,172,0,0,261
2020/3/11,丹麦,514,1,0,252,0,0,513
2020/3/12,丹麦,674,1,0,160,0,0,673
2020/3/13,丹麦,801,1,0,127,0,0,800
2020/3/14,丹麦,827,1,0,26,0,0,826
2020/3/15,丹麦,864,1,3,37,0,3,860
2020/3/16,丹麦,914,1,4,50,0,1,909
2020/3/17,丹麦,977,1,4,63,0,0,972
2020/3/18,丹麦,1117,1,4,140,0,0,1112
2020/3/19,丹麦,1225,1,6,108,0,2,1218
2020/3/20,丹麦,1255,1,9,30,0,3,1245
2020/3/21,丹麦,1326,1,13,71,0,4,1312
2020/3/22,丹麦,1395,1,13,69,0,0,1381
2020/3/23,丹麦,1460,1,24,65,0,11,1435
2020/3/24,丹麦,1591,1,32,131,0,8,1558
2020/3/25,丹麦,1724,1,34,133,0,2,1689
2020/3/26,丹麦,1877,1,41,153,0,7,1835
2020/3/27,丹麦,2199,1,41,322,0,0,2157
2020/3/28,丹麦,2366,1,65,167,0,24,2300
2020/3/29,丹麦,2395,1,72,29,0,7,2322
2020/3/30,丹麦,2755,73,77,360,72,5,2605
2020/2/2,德国,10,0,0,0,0,0,10
2020/2/3,德国,12,0,0,2,0,0,12
2020/2/4,德国,12,0,0,0,0,0,12
2020/2/5,德国,12,0,0,0,0,0,12
2020/2/6,德国,13,0,0,1,0,0,13
2020/2/7,德国,13,0,0,0,0,0,13
2020/2/8,德国,13,0,0,0,0,0,13
2020/2/9,德国,14,0,0,1,0,0,14
2020/2/10,德国,14,0,0,0,0,0,14
2020/2/11,德国,14,0,0,0,0,0,14
2020/2/12,德国,16,0,0,2,0,0,16
2020/2/13,德国,16,1,0,0,1,0,15
2020/2/14,德国,16,1,0,0,0,0,15
2020/2/15,德国,16,1,0,0,0,0,15
2020/2/16,德国,16,1,0,0,0,0,15
2020/2/17,德国,16,7,0,0,6,0,9
2020/2/18,德国,16,7,0,0,0,0,9
2020/2/19,德国,16,7,0,0,0,0,9
2020/2/20,德国,16,7,0,0,0,0,9
2020/2/21,德国,16,7,0,0,0,0,9
2020/2/22,德国,16,7,0,0,0,0,9
2020/2/23,德国,16,14,0,0,7,0,2
2020/2/24,德国,16,14,0,0,0,0,2
2020/2/25,德国,18,14,0,2,0,0,4
2020/2/26,德国,27,14,0,9,0,0,13
2020/2/27,德国,48,14,0,21,0,0,34
2020/2/28,德国,62,14,0,14,0,0,48
2020/2/29,德国,115,16,0,53,2,0,99
2020/3/1,德国,130,16,0,15,0,0,114
2020/3/2,德国,157,16,0,27,0,0,141
2020/3/3,德国,196,16,0,39,0,0,180
2020/3/4,德国,344,16,0,148,0,0,328
2020/3/5,德国,500,16,0,156,0,0,484
2020/3/6,德国,639,16,0,139,0,0,623
2020/3/7,德国,795,16,0,156,0,0,779
2020/3/8,德国,1040,18,0,245,2,0,1022
2020/3/9,德国,1151,18,2,111,0,2,1131
2020/3/10,德国,1565,18,2,414,0,0,1545
2020/3/11,德国,1966,25,3,401,7,1,1938
2020/3/12,德国,2745,25,6,779,0,3,2714
2020/3/13,德国,3675,46,8,930,21,2,3621
2020/3/14,德国,4585,46,9,910,0,1,4530
2020/3/15,德国,5142,46,9,557,0,0,5087
2020/3/16,德国,6012,46,13,870,0,4,5953
2020/3/17,德国,9257,115,24,3245,69,11,9118
2020/3/18,德国,12327,115,28,3070,0,4,12184
2020/3/19,德国,15320,115,44,2993,0,16,15161
2020/3/20,德国,19848,180,68,4528,65,24,19600
2020/3/21,德国,22364,239,84,2516,59,16,22041
2020/3/22,德国,23921,266,92,1557,27,8,23563
2020/3/23,德国,29056,453,123,5135,187,31,28480
2020/3/24,德国,32986,3243,157,3930,2790,34,29586
2020/3/25,德国,37323,3547,206,4337,304,49,33570
2020/3/26,德国,43211,5678,262,5888,2131,56,37271
2020/3/27,德国,50871,6658,342,7660,980,80,43871
2020/3/28,德国,57695,8481,433,6824,1823,91,48781
2020/3/29,德国,62095,9211,525,4400,730,92,52359
2020/3/30,德国,66885,13500,645,4790,4289,120,52740
2020/2/2,法国,6,0,0,0,0,0,6
2020/2/3,法国,6,0,0,0,0,0,6
2020/2/4,法国,6,0,0,0,0,0,6
2020/2/5,法国,6,0,0,0,0,0,6
2020/2/6,法国,6,0,0,0,0,0,6
2020/2/7,法国,6,0,0,0,0,0,6
2020/2/8,法国,11,0,0,5,0,0,11
2020/2/9,法国,11,0,0,0,0,0,11
2020/2/10,法国,11,0,0,0,0,0,11
2020/2/11,法国,11,0,0,0,0,0,11
2020/2/12,法国,11,0,0,0,0,0,11
2020/2/13,法国,11,0,0,0,0,0,11
2020/2/14,法国,11,0,0,0,0,0,11
2020/2/15,法国,12,4,1,1,4,1,7
2020/2/16,法国,12,4,1,0,0,0,7
2020/2/17,法国,12,4,1,0,0,0,7
2020/2/18,法国,12,4,1,0,0,0,7
2020/2/19,法国,12,4,1,0,0,0,7
2020/2/20,法国,12,4,1,0,0,0,7
2020/2/21,法国,12,4,1,0,0,0,7
2020/2/22,法国,12,4,1,0,0,0,7
2020/2/23,法国,12,4,1,0,0,0,7
2020/2/24,法国,12,11,1,0,7,0,0
2020/2/25,法国,14,11,1,2,0,0,2
2020/2/26,法国,18,11,2,4,0,1,5
2020/2/27,法国,38,12,2,20,1,0,24
2020/2/28,法国,57,12,2,19,0,0,43
2020/2/29,法国,100,12,2,43,0,0,86
2020/3/1,法国,130,12,2,30,0,0,116
2020/3/2,法国,191,12,3,61,0,1,176
2020/3/3,法国,212,12,4,21,0,1,196
2020/3/4,法国,285,12,4,73,0,0,269
2020/3/5,法国,423,12,7,138,0,3,404
2020/3/6,法国,613,12,9,190,0,2,592
2020/3/7,法国,949,12,16,336,0,7,921
2020/3/8,法国,1209,12,19,260,0,3,1178
2020/3/9,法国,1412,12,30,203,0,11,1370
2020/3/10,法国,1888,21,33,476,9,3,1834
2020/3/11,法国,2281,21,48,393,0,15,2212
2020/3/12,法国,2889,28,61,608,7,13,2800
2020/3/13,法国,3661,28,79,772,0,18,3554
2020/3/14,法国,4500,28,91,839,0,12,4381
2020/3/15,法国,5423,28,127,923,0,36,5268
2020/3/16,法国,6633,28,148,1210,0,21,6457
2020/3/17,法国,7730,602,175,1097,574,27,6953
2020/3/18,法国,9134,602,264,1404,0,89,8268
2020/3/19,法国,10995,1300,264,1861,698,0,9431
2020/3/20,法国,12612,1587,450,1617,287,186,10575
2020/3/21,法国,14459,1587,562,1847,0,112,12310
2020/3/22,法国,16018,1587,674,1559,0,112,13757
2020/3/23,法国,19856,2200,860,3838,613,186,16796
2020/3/24,法国,22302,3281,1100,2446,1081,240,17921
2020/3/25,法国,25233,3900,1331,2931,619,231,20002
2020/3/26,法国,29306,3900,1697,4073,0,366,23709
2020/3/27,法国,33115,5700,1996,3809,1800,299,25419
2020/3/28,法国,37726,5700,2315,4611,0,319,29711
2020/3/29,法国,40874,7226,2612,3148,1526,297,31036
2020/3/30,法国,44701,7927,3025,3827,701,413,33749
2020/2/2,芬兰,1,0,0,0,0,0,1
2020/2/3,芬兰,1,0,0,0,0,0,1
2020/2/4,芬兰,1,0,0,0,0,0,1
2020/2/5,芬兰,1,1,0,0,1,0,0
2020/2/6,芬兰,1,1,0,0,0,0,0
2020/2/7,芬兰,1,1,0,0,0,0,0
2020/2/8,芬兰,1,1,0,0,0,0,0
2020/2/9,芬兰,1,1,0,0,0,0,0
2020/2/10,芬兰,1,1,0,0,0,0,0
2020/2/11,芬兰,1,1,0,0,0,0,0
2020/2/12,芬兰,1,1,0,0,0,0,0
2020/2/13,芬兰,1,1,0,0,0,0,0
2020/2/14,芬兰,1,1,0,0,0,0,0
2020/2/15,芬兰,1,1,0,0,0,0,0
2020/2/16,芬兰,1,1,0,0,0,0,0
2020/2/17,芬兰,1,1,0,0,0,0,0
2020/2/18,芬兰,1,1,0,0,0,0,0
2020/2/19,芬兰,1,1,0,0,0,0,0
2020/2/20,芬兰,1,1,0,0,0,0,0
2020/2/21,芬兰,1,1,0,0,0,0,0
2020/2/22,芬兰,1,1,0,0,0,0,0
2020/2/23,芬兰,1,1,0,0,0,0,0
2020/2/24,芬兰,1,1,0,0,0,0,0
2020/2/25,芬兰,1,1,0,0,0,0,0
2020/2/26,芬兰,1,1,0,0,0,0,0
2020/2/27,芬兰,2,1,0,1,0,0,1
2020/2/28,芬兰,3,1,0,1,0,0,2
2020/2/29,芬兰,3,1,0,0,0,0,2
2020/3/1,芬兰,6,1,0,3,0,0,5
2020/3/2,芬兰,7,1,0,1,0,0,6
2020/3/3,芬兰,7,1,0,0,0,0,6
2020/3/4,芬兰,7,1,0,0,0,0,6
2020/3/5,芬兰,12,1,0,5,0,0,11
2020/3/6,芬兰,15,1,0,3,0,0,14
2020/3/7,芬兰,19,1,0,4,0,0,18
2020/3/8,芬兰,25,1,0,6,0,0,24
2020/3/9,芬兰,33,1,0,8,0,0,32
2020/3/10,芬兰,40,1,0,7,0,0,39
2020/3/11,芬兰,65,1,0,25,0,0,64
2020/3/12,芬兰,109,1,0,44,0,0,108
2020/3/13,芬兰,155,1,0,46,0,0,154
2020/3/14,芬兰,224,1,0,69,0,0,223
2020/3/15,芬兰,244,1,0,20,0,0,243
2020/3/16,芬兰,272,1,0,28,0,0,271
2020/3/17,芬兰,272,1,0,0,0,0,271
2020/3/18,芬兰,359,10,0,87,9,0,349
2020/3/19,芬兰,400,10,0,41,0,0,390
2020/3/20,芬兰,450,10,0,50,0,0,440
2020/3/21,芬兰,521,10,1,71,0,1,510
2020/3/22,芬兰,626,10,1,105,0,0,615
2020/3/23,芬兰,700,10,1,74,0,0,689
2020/3/24,芬兰,792,10,1,92,0,0,781
2020/3/25,芬兰,880,10,3,88,0,2,867
2020/3/26,芬兰,958,10,5,78,0,2,943
2020/3/27,芬兰,1041,10,7,83,0,2,1024
2020/3/28,芬兰,1167,10,9,126,0,2,1148
2020/3/29,芬兰,1240,10,11,73,0,2,1219
2020/3/30,芬兰,1352,10,13,112,0,2,1329
2020/2/2,韩国,15,0,0,0,0,0,15
2020/2/3,韩国,15,0,0,0,0,0,15
2020/2/4,韩国,16,0,0,1,0,0,16
2020/2/5,韩国,19,1,0,3,1,0,18
2020/2/6,韩国,24,2,0,5,1,0,22
2020/2/7,韩国,24,2,0,0,0,0,22
2020/2/8,韩国,24,2,0,0,0,0,22
2020/2/9,韩国,27,3,0,3,1,0,24
2020/2/10,韩国,28,3,0,1,0,0,25
2020/2/11,韩国,28,3,0,0,0,0,25
2020/2/12,韩国,28,3,0,0,0,0,25
2020/2/13,韩国,28,3,0,0,0,0,25
2020/2/14,韩国,28,3,0,0,0,0,25
2020/2/15,韩国,29,9,0,1,6,0,20
2020/2/16,韩国,30,9,0,1,0,0,21
2020/2/17,韩国,31,10,0,1,1,0,21
2020/2/18,韩国,51,10,0,20,0,0,41
2020/2/19,韩国,104,12,0,53,2,0,92
2020/2/20,韩国,204,12,1,100,0,1,191
2020/2/21,韩国,433,12,2,229,0,1,419
2020/2/22,韩国,602,12,3,169,0,1,587
2020/2/23,韩国,833,12,7,231,0,4,814
2020/2/24,韩国,977,12,8,144,0,1,957
2020/2/25,韩国,1261,22,11,284,10,3,1228
2020/2/26,韩国,1595,24,12,334,2,1,1559
2020/2/27,韩国,2022,24,13,427,0,1,1985
2020/2/28,韩国,2931,24,16,909,0,3,2891
2020/2/29,韩国,3526,28,17,595,4,1,3481
2020/3/1,韩国,4212,31,22,686,3,5,4159
2020/3/2,韩国,4812,31,26,600,0,4,4755
2020/3/3,韩国,5328,31,32,516,0,6,5265
2020/3/4,韩国,5766,31,36,438,0,4,5699
2020/3/5,韩国,6284,88,43,518,57,7,6153
2020/3/6,韩国,6767,108,43,483,20,0,6616
2020/3/7,韩国,7134,118,48,367,10,5,6968
2020/3/8,韩国,7382,130,51,248,12,3,7201
2020/3/9,韩国,7513,247,54,131,117,3,7212
2020/3/10,韩国,7755,288,60,242,41,6,7407
2020/3/11,韩国,7869,333,66,114,45,6,7470
2020/3/12,韩国,7979,510,67,110,177,1,7402
2020/3/13,韩国,8086,510,72,107,0,5,7504
2020/3/14,韩国,8162,834,75,76,324,3,7253
2020/3/15,韩国,8236,1137,75,74,303,0,7024
2020/3/16,韩国,8320,1401,81,84,264,6,6838
2020/3/17,韩国,8413,1401,83,93,0,2,6929
2020/3/18,韩国,8565,1540,92,152,139,9,6933
2020/3/19,韩国,8652,1947,92,87,407,0,6613
2020/3/20,韩国,8799,2612,102,147,665,10,6085
2020/3/21,韩国,8897,2612,102,98,0,0,6183
2020/3/22,韩国,8961,3166,111,64,554,9,5684
2020/3/23,韩国,9037,3507,120,76,341,9,5410
2020/3/24,韩国,9137,3730,126,100,223,6,5281
2020/3/25,韩国,9241,3730,126,104,0,0,5385
2020/3/26,韩国,9332,4528,139,91,798,13,4665
2020/3/27,韩国,9478,4528,139,146,0,0,4811
2020/3/28,韩国,9583,4811,144,105,283,5,4628
2020/3/29,韩国,9661,5033,152,78,222,8,4476
2020/3/30,韩国,9786,5408,162,125,375,10,4216
2020/2/2,荷兰,0,0,0,0,0,0,0
2020/2/3,荷兰,0,0,0,0,0,0,0
2020/2/4,荷兰,0,0,0,0,0,0,0
2020/2/5,荷兰,0,0,0,0,0,0,0
2020/2/6,荷兰,0,0,0,0,0,0,0
2020/2/7,荷兰,0,0,0,0,0,0,0
2020/2/8,荷兰,0,0,0,0,0,0,0
2020/2/9,荷兰,0,0,0,0,0,0,0
2020/2/10,荷兰,0,0,0,0,0,0,0
2020/2/11,荷兰,0,0,0,0,0,0,0
2020/2/12,荷兰,0,0,0,0,0,0,0
2020/2/13,荷兰,0,0,0,0,0,0,0
2020/2/14,荷兰,0,0,0,0,0,0,0
2020/2/15,荷兰,0,0,0,0,0,0,0
2020/2/16,荷兰,0,0,0,0,0,0,0
2020/2/17,荷兰,0,0,0,0,0,0,0
2020/2/18,荷兰,0,0,0,0,0,0,0
2020/2/19,荷兰,0,0,0,0,0,0,0
2020/2/20,荷兰,0,0,0,0,0,0,0
2020/2/21,荷兰,0,0,0,0,0,0,0
2020/2/22,荷兰,0,0,0,0,0,0,0
2020/2/23,荷兰,0,0,0,0,0,0,0
2020/2/24,荷兰,0,0,0,0,0,0,0
2020/2/25,荷兰,0,0,0,0,0,0,0
2020/2/26,荷兰,0,0,0,0,0,0,0
2020/2/27,荷兰,1,0,0,1,0,0,1
2020/2/28,荷兰,2,0,0,1,0,0,2
2020/2/29,荷兰,7,0,0,5,0,0,7
2020/3/1,荷兰,10,0,0,3,0,0,10
2020/3/2,荷兰,10,0,0,0,0,0,10
2020/3/3,荷兰,24,0,0,14,0,0,24
2020/3/4,荷兰,24,0,0,0,0,0,24
2020/3/5,荷兰,82,0,0,58,0,0,82
2020/3/6,荷兰,128,0,1,46,0,1,127
2020/3/7,荷兰,188,0,1,60,0,0,187
2020/3/8,荷兰,265,0,3,77,0,2,262
2020/3/9,荷兰,321,0,3,56,0,0,318
2020/3/10,荷兰,382,0,3,61,0,0,379
2020/3/11,荷兰,503,0,5,121,0,2,498
2020/3/12,荷兰,614,0,5,111,0,0,609
2020/3/13,荷兰,804,0,10,190,0,5,794
2020/3/14,荷兰,959,0,12,155,0,2,947
2020/3/15,荷兰,1135,0,20,176,0,8,1115
2020/3/16,荷兰,1413,0,24,278,0,4,1389
2020/3/17,荷兰,1705,0,43,292,0,19,1662
2020/3/18,荷兰,2051,0,58,346,0,15,1993
2020/3/19,荷兰,2460,0,76,409,0,18,2384
2020/3/20,荷兰,2994,0,106,534,0,30,2888
2020/3/21,荷兰,3631,0,136,637,0,30,3495
2020/3/22,荷兰,4204,0,179,573,0,43,4025
2020/3/23,荷兰,4749,0,213,545,0,34,4536
2020/3/24,荷兰,5560,0,276,811,0,63,5284
2020/3/25,荷兰,6412,0,356,852,0,80,6056
2020/3/26,荷兰,7431,0,434,1019,0,78,6997
2020/3/27,荷兰,8641,253,546,1210,253,112,7842
2020/3/28,荷兰,9819,253,640,1178,0,94,8926
2020/3/29,荷兰,10930,253,772,1111,0,132,9905
2020/3/30,荷兰,11817,253,865,887,0,93,10699
2020/2/2,加拿大,4,0,0,0,0,0,4
2020/2/3,加拿大,4,0,0,0,0,0,4
2020/2/4,加拿大,5,0,0,1,0,0,5
2020/2/5,加拿大,5,0,0,0,0,0,5
2020/2/6,加拿大,5,0,0,0,0,0,5
2020/2/7,加拿大,5,0,0,0,0,0,5
2020/2/8,加拿大,7,0,0,2,0,0,7
2020/2/9,加拿大,7,0,0,0,0,0,7
2020/2/10,加拿大,7,0,0,0,0,0,7
2020/2/11,加拿大,7,0,0,0,0,0,7
2020/2/12,加拿大,7,0,0,0,0,0,7
2020/2/13,加拿大,7,0,0,0,0,0,7
2020/2/14,加拿大,8,1,0,1,1,0,7
2020/2/15,加拿大,8,1,0,0,0,0,7
2020/2/16,加拿大,8,1,0,0,0,0,7
2020/2/17,加拿大,8,1,0,0,0,0,7
2020/2/18,加拿大,8,1,0,0,0,0,7
2020/2/19,加拿大,8,1,0,0,0,0,7
2020/2/20,加拿大,8,3,0,0,2,0,5
2020/2/21,加拿大,8,3,0,0,0,0,5
2020/2/22,加拿大,8,3,0,0,0,0,5
2020/2/23,加拿大,10,4,0,2,1,0,6
2020/2/24,加拿大,11,4,0,1,0,0,7
2020/2/25,加拿大,11,4,0,0,0,0,7
2020/2/26,加拿大,12,4,0,1,0,0,8
2020/2/27,加拿大,13,4,0,1,0,0,9
2020/2/28,加拿大,15,4,0,2,0,0,11
2020/2/29,加拿大,20,4,0,5,0,0,16
2020/3/1,加拿大,20,4,0,0,0,0,16
2020/3/2,加拿大,27,7,0,7,3,0,20
2020/3/3,加拿大,30,7,0,3,0,0,23
2020/3/4,加拿大,34,7,0,4,0,0,27
2020/3/5,加拿大,36,7,0,2,0,0,29
2020/3/6,加拿大,50,7,0,14,0,0,43
2020/3/7,加拿大,60,7,0,10,0,0,53
2020/3/8,加拿大,66,7,0,6,0,0,59
2020/3/9,加拿大,77,8,1,11,1,1,68
2020/3/10,加拿大,94,8,1,17,0,0,85
2020/3/11,加拿大,107,9,1,13,1,0,97
2020/3/12,加拿大,142,11,1,35,2,0,130
2020/3/13,加拿大,198,11,1,56,0,0,186
2020/3/14,加拿大,235,11,1,37,0,0,223
2020/3/15,加拿大,313,11,1,78,0,0,301
2020/3/16,加拿大,436,11,4,123,0,3,421
2020/3/17,加拿大,597,11,8,161,0,4,578
2020/3/18,加拿大,727,12,9,130,1,1,706
2020/3/19,加拿大,873,12,12,146,0,3,849
2020/3/20,加拿大,1087,14,12,214,2,0,1061
2020/3/21,加拿大,1330,14,19,243,0,7,1297
2020/3/22,加拿大,1470,14,21,140,0,2,1435
2020/3/23,加拿大,2091,109,25,621,95,4,1957
2020/3/24,加拿大,2584,109,25,493,0,0,2450
2020/3/25,加拿大,3409,183,36,825,74,11,3190
2020/3/26,加拿大,4043,197,39,634,14,3,3807
2020/3/27,加拿大,4757,354,55,714,157,16,4348
2020/3/28,加拿大,5655,396,60,898,42,5,5199
2020/3/29,加拿大,6280,466,65,625,70,5,5749
2020/3/30,加拿大,7399,466,80,1119,0,15,6853
2020/2/2,捷克,0,0,0,0,0,0,0
2020/2/3,捷克,0,0,0,0,0,0,0
2020/2/4,捷克,0,0,0,0,0,0,0
2020/2/5,捷克,0,0,0,0,0,0,0
2020/2/6,捷克,0,0,0,0,0,0,0
2020/2/7,捷克,0,0,0,0,0,0,0
2020/2/8,捷克,0,0,0,0,0,0,0
2020/2/9,捷克,0,0,0,0,0,0,0
2020/2/10,捷克,0,0,0,0,0,0,0
2020/2/11,捷克,0,0,0,0,0,0,0
2020/2/12,捷克,0,0,0,0,0,0,0
2020/2/13,捷克,0,0,0,0,0,0,0
2020/2/14,捷克,0,0,0,0,0,0,0
2020/2/15,捷克,0,0,0,0,0,0,0
2020/2/16,捷克,0,0,0,0,0,0,0
2020/2/17,捷克,0,0,0,0,0,0,0
2020/2/18,捷克,0,0,0,0,0,0,0
2020/2/19,捷克,0,0,0,0,0,0,0
2020/2/20,捷克,0,0,0,0,0,0,0
2020/2/21,捷克,0,0,0,0,0,0,0
2020/2/22,捷克,0,0,0,0,0,0,0
2020/2/23,捷克,0,0,0,0,0,0,0
2020/2/24,捷克,0,0,0,0,0,0,0
2020/2/25,捷克,0,0,0,0,0,0,0
2020/2/26,捷克,0,0,0,0,0,0,0
2020/2/27,捷克,0,0,0,0,0,0,0
2020/2/28,捷克,0,0,0,0,0,0,0
2020/2/29,捷克,0,0,0,0,0,0,0
2020/3/1,捷克,3,0,0,3,0,0,3
2020/3/2,捷克,4,0,0,1,0,0,4
2020/3/3,捷克,5,0,0,1,0,0,5
2020/3/4,捷克,8,0,0,3,0,0,8
2020/3/5,捷克,12,0,0,4,0,0,12
2020/3/6,捷克,18,0,0,6,0,0,18
2020/3/7,捷克,21,0,0,3,0,0,21
2020/3/8,捷克,32,0,0,11,0,0,32
2020/3/9,捷克,38,0,0,6,0,0,38
2020/3/10,捷克,61,0,0,23,0,0,61
2020/3/11,捷克,91,0,0,30,0,0,91
2020/3/12,捷克,113,0,0,22,0,0,113
2020/3/13,捷克,141,0,0,28,0,0,141
2020/3/14,捷克,189,0,0,48,0,0,189
2020/3/15,捷克,253,0,0,64,0,0,253
2020/3/16,捷克,344,3,0,91,3,0,341
2020/3/17,捷克,344,3,0,0,0,0,341
2020/3/18,捷克,522,3,0,178,0,0,519
2020/3/19,捷克,572,3,0,50,0,0,569
2020/3/20,捷克,833,4,0,261,1,0,829
2020/3/21,捷克,995,6,0,162,2,0,989
2020/3/22,捷克,1120,6,1,125,0,1,1113
2020/3/23,捷克,1236,7,1,116,1,0,1228
2020/3/24,捷克,1394,10,3,158,3,2,1381
2020/3/25,捷克,1654,10,10,260,0,7,1634
2020/3/26,捷克,1925,10,10,271,0,0,1905
2020/3/27,捷克,2279,11,10,354,1,0,2258
2020/3/28,捷克,2631,11,11,352,0,1,2609
2020/3/29,捷克,2805,11,16,174,0,5,2778
2020/3/30,捷克,3001,25,23,196,14,7,2953
2020/2/2,美国,11,0,0,0,0,0,11
2020/2/3,美国,11,1,0,0,1,0,10
2020/2/4,美国,11,1,0,0,0,0,10
2020/2/5,美国,12,1,0,1,0,0,11
2020/2/6,美国,12,1,0,0,0,0,11
2020/2/7,美国,12,1,0,0,0,0,11
2020/2/8,美国,12,1,0,0,0,0,11
2020/2/9,美国,12,1,0,0,0,0,11
2020/2/10,美国,13,1,0,1,0,0,12
2020/2/11,美国,13,1,0,0,0,0,12
2020/2/12,美国,13,3,0,0,2,0,10
2020/2/13,美国,15,3,0,2,0,0,12
2020/2/14,美国,15,3,0,0,0,0,12
2020/2/15,美国,15,3,0,0,0,0,12
2020/2/16,美国,15,3,0,0,0,0,12
2020/2/17,美国,15,3,0,0,0,0,12
2020/2/18,美国,15,3,0,0,0,0,12
2020/2/19,美国,15,3,0,0,0,0,12
2020/2/20,美国,15,3,0,0,0,0,12
2020/2/21,美国,34,3,0,19,0,0,31
2020/2/22,美国,34,3,0,0,0,0,31
2020/2/23,美国,35,3,0,1,0,0,32
2020/2/24,美国,53,3,0,18,0,0,50
2020/2/25,美国,53,3,0,0,0,0,50
2020/2/26,美国,60,3,0,7,0,0,57
2020/2/27,美国,60,3,0,0,0,0,57
2020/2/28,美国,63,3,0,3,0,0,60
2020/2/29,美国,64,3,1,1,0,1,60
2020/3/1,美国,74,3,1,10,0,0,70
2020/3/2,美国,102,3,6,28,0,5,93
2020/3/3,美国,122,3,9,20,0,3,110
2020/3/4,美国,158,8,11,36,5,2,139
2020/3/5,美国,163,8,12,5,0,1,143
2020/3/6,美国,324,8,14,161,0,2,302
2020/3/7,美国,445,10,19,121,2,5,416
2020/3/8,美国,572,10,21,127,0,2,541
2020/3/9,美国,687,10,22,115,0,1,655
2020/3/10,美国,989,10,29,302,0,7,950
2020/3/11,美国,1300,15,38,311,5,9,1247
2020/3/12,美国,1725,30,41,425,15,3,1654
2020/3/13,美国,2236,31,48,511,1,7,2157
2020/3/14,美国,2943,48,57,707,17,9,2838
2020/3/15,美国,3752,73,68,809,25,11,3611
2020/3/16,美国,4687,74,93,935,1,25,4520
2020/3/17,美国,6436,106,108,1749,32,15,6222
2020/3/18,美国,9041,106,146,2605,0,38,8789
2020/3/19,美国,13572,108,183,4531,2,37,13281
2020/3/20,美国,19469,147,258,5897,39,75,19064
2020/3/21,美国,26664,176,337,7195,29,79,26151
2020/3/22,美国,34041,178,432,7377,2,95,33431
2020/3/23,美国,43224,178,583,9183,0,151,42463
2020/3/24,美国,53601,341,703,10377,163,120,52557
2020/3/25,美国,65534,361,941,11933,20,238,64232
2020/3/26,美国,83066,676,1203,17532,315,262,81187
2020/3/27,美国,101724,869,1586,18658,193,383,99269
2020/3/28,美国,123578,3231,2221,21854,2362,635,118126
2020/3/29,美国,142402,4767,2497,18824,1536,276,135138
2020/3/30,美国,161872,5644,2988,19470,877,491,153240
2020/2/2,挪威,0,0,0,0,0,0,0
2020/2/3,挪威,0,0,0,0,0,0,0
2020/2/4,挪威,0,0,0,0,0,0,0
2020/2/5,挪威,0,0,0,0,0,0,0
2020/2/6,挪威,0,0,0,0,0,0,0
2020/2/7,挪威,0,0,0,0,0,0,0
2020/2/8,挪威,0,0,0,0,0,0,0
2020/2/9,挪威,0,0,0,0,0,0,0
2020/2/10,挪威,0,0,0,0,0,0,0
2020/2/11,挪威,0,0,0,0,0,0,0
2020/2/12,挪威,0,0,0,0,0,0,0
2020/2/13,挪威,0,0,0,0,0,0,0
2020/2/14,挪威,0,0,0,0,0,0,0
2020/2/15,挪威,0,0,0,0,0,0,0
2020/2/16,挪威,0,0,0,0,0,0,0
2020/2/17,挪威,0,0,0,0,0,0,0
2020/2/18,挪威,0,0,0,0,0,0,0
2020/2/19,挪威,0,0,0,0,0,0,0
2020/2/20,挪威,0,0,0,0,0,0,0
2020/2/21,挪威,0,0,0,0,0,0,0
2020/2/22,挪威,0,0,0,0,0,0,0
2020/2/23,挪威,0,0,0,0,0,0,0
2020/2/24,挪威,0,0,0,0,0,0,0
2020/2/25,挪威,0,0,0,0,0,0,0
2020/2/26,挪威,0,0,0,0,0,0,0
2020/2/27,挪威,1,0,0,1,0,0,1
2020/2/28,挪威,5,0,0,4,0,0,5
2020/2/29,挪威,15,0,0,10,0,0,15
2020/3/1,挪威,19,0,0,4,0,0,19
2020/3/2,挪威,25,0,0,6,0,0,25
2020/3/3,挪威,33,0,0,8,0,0,33
2020/3/4,挪威,56,0,0,23,0,0,56
2020/3/5,挪威,86,0,0,30,0,0,86
2020/3/6,挪威,113,0,0,27,0,0,113
2020/3/7,挪威,147,0,0,34,0,0,147
2020/3/8,挪威,169,0,0,22,0,0,169
2020/3/9,挪威,176,0,0,7,0,0,176
2020/3/10,挪威,400,1,0,224,1,0,399
2020/3/11,挪威,489,1,0,89,0,0,488
2020/3/12,挪威,800,1,1,311,0,1,798
2020/3/13,挪威,800,1,1,0,0,0,798
2020/3/14,挪威,996,1,1,196,0,0,994
2020/3/15,挪威,1234,1,3,238,0,2,1230
2020/3/16,挪威,1331,1,3,97,0,0,1327
2020/3/17,挪威,1331,1,3,0,0,0,1327
2020/3/18,挪威,1589,1,6,258,0,3,1582
2020/3/19,挪威,1790,1,7,201,0,1,1782
2020/3/20,挪威,1950,1,7,160,0,0,1942
2020/3/21,挪威,2164,1,7,214,0,0,2156
2020/3/22,挪威,2262,1,7,98,0,0,2254
2020/3/23,挪威,2573,1,10,311,0,3,2562
2020/3/24,挪威,2796,1,12,223,0,2,2783
2020/3/25,挪威,3041,1,14,245,0,2,3026
2020/3/26,挪威,3315,1,14,274,0,0,3300
2020/3/27,挪威,3721,1,19,406,0,5,3701
2020/3/28,挪威,4015,7,23,294,6,4,3985
2020/3/29,挪威,4281,7,25,266,0,2,4249
2020/3/30,挪威,4445,12,32,164,5,7,4401
2020/2/2,葡萄牙,0,0,0,0,0,0,0
2020/2/3,葡萄牙,0,0,0,0,0,0,0
2020/2/4,葡萄牙,0,0,0,0,0,0,0
2020/2/5,葡萄牙,0,0,0,0,0,0,0
2020/2/6,葡萄牙,0,0,0,0,0,0,0
2020/2/7,葡萄牙,0,0,0,0,0,0,0
2020/2/8,葡萄牙,0,0,0,0,0,0,0
2020/2/9,葡萄牙,0,0,0,0,0,0,0
2020/2/10,葡萄牙,0,0,0,0,0,0,0
2020/2/11,葡萄牙,0,0,0,0,0,0,0
2020/2/12,葡萄牙,0,0,0,0,0,0,0
2020/2/13,葡萄牙,0,0,0,0,0,0,0
2020/2/14,葡萄牙,0,0,0,0,0,0,0
2020/2/15,葡萄牙,0,0,0,0,0,0,0
2020/2/16,葡萄牙,0,0,0,0,0,0,0
2020/2/17,葡萄牙,0,0,0,0,0,0,0
2020/2/18,葡萄牙,0,0,0,0,0,0,0
2020/2/19,葡萄牙,0,0,0,0,0,0,0
2020/2/20,葡萄牙,0,0,0,0,0,0,0
2020/2/21,葡萄牙,0,0,0,0,0,0,0
2020/2/22,葡萄牙,0,0,0,0,0,0,0
2020/2/23,葡萄牙,0,0,0,0,0,0,0
2020/2/24,葡萄牙,0,0,0,0,0,0,0
2020/2/25,葡萄牙,0,0,0,0,0,0,0
2020/2/26,葡萄牙,0,0,0,0,0,0,0
2020/2/27,葡萄牙,0,0,0,0,0,0,0
2020/2/28,葡萄牙,0,0,0,0,0,0,0
2020/2/29,葡萄牙,0,0,0,0,0,0,0
2020/3/1,葡萄牙,0,0,0,0,0,0,0
2020/3/2,葡萄牙,2,0,0,2,0,0,2
2020/3/3,葡萄牙,2,0,0,0,0,0,2
2020/3/4,葡萄牙,5,0,0,3,0,0,5
2020/3/5,葡萄牙,5,0,0,0,0,0,5
2020/3/6,葡萄牙,8,0,0,3,0,0,8
2020/3/7,葡萄牙,15,0,0,7,0,0,15
2020/3/8,葡萄牙,30,0,0,15,0,0,30
2020/3/9,葡萄牙,30,0,0,0,0,0,30
2020/3/10,葡萄牙,30,0,0,0,0,0,30
2020/3/11,葡萄牙,59,0,0,29,0,0,59
2020/3/12,葡萄牙,59,0,0,0,0,0,59
2020/3/13,葡萄牙,112,0,0,53,0,0,112
2020/3/14,葡萄牙,112,0,0,0,0,0,112
2020/3/15,葡萄牙,245,2,0,133,2,0,243
2020/3/16,葡萄牙,331,3,0,86,1,0,328
2020/3/17,葡萄牙,448,3,1,117,0,1,444
2020/3/18,葡萄牙,642,4,2,194,1,1,636
2020/3/19,葡萄牙,785,4,2,143,0,0,779
2020/3/20,葡萄牙,1020,5,6,235,1,4,1009
2020/3/21,葡萄牙,1280,5,12,260,0,6,1263
2020/3/22,葡萄牙,1600,5,14,320,0,2,1581
2020/3/23,葡萄牙,2060,5,23,460,0,9,2032
2020/3/24,葡萄牙,2362,5,29,302,0,6,2328
2020/3/25,葡萄牙,2995,22,43,633,17,14,2930
2020/3/26,葡萄牙,3544,43,60,549,21,17,3441
2020/3/27,葡萄牙,4268,43,76,724,0,16,4149
2020/3/28,葡萄牙,5170,43,100,902,0,24,5027
2020/3/29,葡萄牙,5962,43,119,792,0,19,5800
2020/3/30,葡萄牙,6408,43,140,446,0,21,6225
2020/2/2,日本,20,1,0,0,0,0,19
2020/2/3,日本,20,1,0,0,0,0,19
2020/2/4,日本,22,1,0,2,0,0,21
2020/2/5,日本,35,1,0,13,0,0,34
2020/2/6,日本,40,1,0,5,0,0,39
2020/2/7,日本,86,1,0,46,0,0,85
2020/2/8,日本,86,1,0,0,0,0,85
2020/2/9,日本,96,1,0,10,0,0,95
2020/2/10,日本,150,1,0,54,0,0,149
2020/2/11,日本,161,1,0,11,0,0,160
2020/2/12,日本,203,1,0,42,0,0,202
2020/2/13,日本,247,1,1,44,0,1,245
2020/2/14,日本,259,1,1,12,0,0,257
2020/2/15,日本,338,1,1,79,0,0,336
2020/2/16,日本,414,1,1,76,0,0,412
2020/2/17,日本,520,1,1,106,0,0,518
2020/2/18,日本,616,1,1,96,0,0,614
2020/2/19,日本,705,1,1,89,0,0,703
2020/2/20,日本,728,1,3,23,0,2,724
2020/2/21,日本,743,1,3,15,0,0,739
2020/2/22,日本,769,1,3,26,0,0,765
2020/2/23,日本,838,1,4,69,0,1,833
2020/2/24,日本,850,1,4,12,0,0,845
2020/2/25,日本,861,1,4,11,0,0,856
2020/2/26,日本,894,1,5,33,0,1,888
2020/2/27,日本,919,1,8,25,0,3,910
2020/2/28,日本,942,42,11,23,41,3,889
2020/2/29,日本,946,42,11,4,0,0,893
2020/3/1,日本,961,42,12,15,0,1,907
2020/3/2,日本,980,42,12,19,0,0,926
2020/3/3,日本,1000,42,12,20,0,0,946
2020/3/4,日本,1037,42,12,37,0,0,983
2020/3/5,日本,1037,42,12,0,0,0,983
2020/3/6,日本,1112,42,12,75,0,0,1058
2020/3/7,日本,1137,42,14,25,0,2,1081
2020/3/8,日本,1190,42,14,53,0,0,1134
2020/3/9,日本,1210,90,15,20,48,1,1105
2020/3/10,日本,1277,111,19,67,21,4,1147
2020/3/11,日本,1324,427,21,47,316,2,876
2020/3/12,日本,1387,511,26,63,84,5,850
2020/3/13,日本,1422,523,28,35,12,2,871
2020/3/14,日本,1483,660,28,61,137,0,795
2020/3/15,日本,1515,660,31,32,0,3,824
2020/3/16,日本,1547,660,35,32,0,4,852
2020/3/17,日本,1592,660,36,45,0,1,896
2020/3/18,日本,1633,660,40,41,0,4,933
2020/3/19,日本,1670,662,40,37,2,0,968
2020/3/20,日本,1728,686,41,58,24,1,1001
2020/3/21,日本,1766,686,44,38,0,3,1036
2020/3/22,日本,1813,799,49,47,113,5,965
2020/3/23,日本,1852,852,52,39,53,3,948
2020/3/24,日本,1921,872,52,69,20,0,997
2020/3/25,日本,2019,900,55,98,28,3,1064
2020/3/26,日本,2111,956,57,92,56,2,1098
2020/3/27,日本,2228,973,59,117,17,2,1196
2020/3/28,日本,2405,1005,62,177,32,3,1338
2020/3/29,日本,2578,1027,64,173,22,2,1487
2020/3/30,日本,2665,1027,66,87,0,2,1572
2020/2/2,瑞典,1,0,0,0,0,0,1
2020/2/3,瑞典,1,0,0,0,0,0,1
2020/2/4,瑞典,1,0,0,0,0,0,1
2020/2/5,瑞典,1,0,0,0,0,0,1
2020/2/6,瑞典,1,0,0,0,0,0,1
2020/2/7,瑞典,1,0,0,0,0,0,1
2020/2/8,瑞典,1,0,0,0,0,0,1
2020/2/9,瑞典,1,0,0,0,0,0,1
2020/2/10,瑞典,1,0,0,0,0,0,1
2020/2/11,瑞典,1,0,0,0,0,0,1
2020/2/12,瑞典,1,0,0,0,0,0,1
2020/2/13,瑞典,1,0,0,0,0,0,1
2020/2/14,瑞典,1,0,0,0,0,0,1
2020/2/15,瑞典,1,0,0,0,0,0,1
2020/2/16,瑞典,1,0,0,0,0,0,1
2020/2/17,瑞典,1,0,0,0,0,0,1
2020/2/18,瑞典,1,0,0,0,0,0,1
2020/2/19,瑞典,1,0,0,0,0,0,1
2020/2/20,瑞典,1,0,0,0,0,0,1
2020/2/21,瑞典,1,0,0,0,0,0,1
2020/2/22,瑞典,1,0,0,0,0,0,1
2020/2/23,瑞典,1,0,0,0,0,0,1
2020/2/24,瑞典,1,0,0,0,0,0,1
2020/2/25,瑞典,1,0,0,0,0,0,1
2020/2/26,瑞典,2,0,0,1,0,0,2
2020/2/27,瑞典,7,0,0,5,0,0,7
2020/2/28,瑞典,11,0,0,4,0,0,11
2020/2/29,瑞典,13,0,0,2,0,0,13
2020/3/1,瑞典,13,0,0,0,0,0,13
2020/3/2,瑞典,15,0,0,2,0,0,15
2020/3/3,瑞典,30,0,0,15,0,0,30
2020/3/4,瑞典,52,0,0,22,0,0,52
2020/3/5,瑞典,94,0,0,42,0,0,94
2020/3/6,瑞典,136,0,0,42,0,0,136
2020/3/7,瑞典,161,0,0,25,0,0,161
2020/3/8,瑞典,203,0,0,42,0,0,203
2020/3/9,瑞典,261,1,0,58,1,0,260
2020/3/10,瑞典,355,1,0,94,0,0,354
2020/3/11,瑞典,500,1,1,145,0,1,498
2020/3/12,瑞典,687,1,1,187,0,0,685
2020/3/13,瑞典,775,1,1,88,0,0,773
2020/3/14,瑞典,961,1,2,186,0,1,958
2020/3/15,瑞典,1023,1,3,62,0,1,1019
2020/3/16,瑞典,1119,1,7,96,0,4,1111
2020/3/17,瑞典,1119,1,7,0,0,0,1111
2020/3/18,瑞典,1292,15,10,173,14,3,1267
2020/3/19,瑞典,1439,16,11,147,1,1,1412
2020/3/20,瑞典,1639,16,16,200,0,5,1607
2020/3/21,瑞典,1770,16,20,131,0,4,1734
2020/3/22,瑞典,1906,16,21,136,0,1,1869
2020/3/23,瑞典,2016,16,25,110,0,4,1975
2020/3/24,瑞典,2272,16,36,256,0,11,2220
2020/3/25,瑞典,2510,16,42,238,0,6,2452
2020/3/26,瑞典,2840,16,77,330,0,35,2747
2020/3/27,瑞典,3069,16,92,229,0,15,2961
2020/3/28,瑞典,3447,16,105,378,0,13,3326
2020/3/29,瑞典,3700,16,110,253,0,5,3574
2020/3/30,瑞典,4028,16,146,328,0,36,3866
2020/2/2,瑞士,0,0,0,0,0,0,0
2020/2/3,瑞士,0,0,0,0,0,0,0
2020/2/4,瑞士,0,0,0,0,0,0,0
2020/2/5,瑞士,0,0,0,0,0,0,0
2020/2/6,瑞士,0,0,0,0,0,0,0
2020/2/7,瑞士,0,0,0,0,0,0,0
2020/2/8,瑞士,0,0,0,0,0,0,0
2020/2/9,瑞士,0,0,0,0,0,0,0
2020/2/10,瑞士,0,0,0,0,0,0,0
2020/2/11,瑞士,0,0,0,0,0,0,0
2020/2/12,瑞士,0,0,0,0,0,0,0
2020/2/13,瑞士,0,0,0,0,0,0,0
2020/2/14,瑞士,0,0,0,0,0,0,0
2020/2/15,瑞士,0,0,0,0,0,0,0
2020/2/16,瑞士,0,0,0,0,0,0,0
2020/2/17,瑞士,0,0,0,0,0,0,0
2020/2/18,瑞士,0,0,0,0,0,0,0
2020/2/19,瑞士,0,0,0,0,0,0,0
2020/2/20,瑞士,0,0,0,0,0,0,0
2020/2/21,瑞士,0,0,0,0,0,0,0
2020/2/22,瑞士,0,0,0,0,0,0,0
2020/2/23,瑞士,0,0,0,0,0,0,0
2020/2/24,瑞士,0,0,0,0,0,0,0
2020/2/25,瑞士,1,0,0,1,0,0,1
2020/2/26,瑞士,1,0,0,0,0,0,1
2020/2/27,瑞士,6,0,0,5,0,0,6
2020/2/28,瑞士,15,0,0,9,0,0,15
2020/2/29,瑞士,24,0,0,9,0,0,24
2020/3/1,瑞士,27,0,0,3,0,0,27
2020/3/2,瑞士,38,0,0,11,0,0,38
2020/3/3,瑞士,46,2,0,8,2,0,44
2020/3/4,瑞士,66,3,0,20,1,0,63
2020/3/5,瑞士,111,3,1,45,0,1,107
2020/3/6,瑞士,210,3,1,99,0,0,206
2020/3/7,瑞士,228,3,1,18,0,0,224
2020/3/8,瑞士,281,3,2,53,0,1,276
2020/3/9,瑞士,337,3,2,56,0,0,332
2020/3/10,瑞士,497,3,3,160,0,1,491
2020/3/11,瑞士,645,3,4,148,0,1,638
2020/3/12,瑞士,868,4,7,223,1,3,857
2020/3/13,瑞士,1009,4,7,141,0,0,998
2020/3/14,瑞士,1139,4,11,130,0,4,1124
2020/3/15,瑞士,2220,4,13,1081,0,2,2203
2020/3/16,瑞士,2220,4,13,0,0,0,2203
2020/3/17,瑞士,2269,4,19,49,0,6,2246
2020/3/18,瑞士,3115,4,21,846,0,2,3090
2020/3/19,瑞士,3888,4,33,773,0,12,3851
2020/3/20,瑞士,5407,15,56,1519,11,23,5336
2020/3/21,瑞士,6863,131,80,1456,116,24,6652
2020/3/22,瑞士,7014,131,80,151,0,0,6803
2020/3/23,瑞士,8060,131,100,1046,0,20,7829
2020/3/24,瑞士,9117,131,122,1057,0,22,8864
2020/3/25,瑞士,9877,131,122,760,0,0,9624
2020/3/26,瑞士,11811,131,122,1934,0,0,11558
2020/3/27,瑞士,12928,131,197,1117,0,75,12600
2020/3/28,瑞士,14076,1530,264,1148,1399,67,12282
2020/3/29,瑞士,14829,1595,300,753,65,36,12934
2020/3/30,瑞士,15922,1823,359,1093,228,59,13740
2020/2/2,西班牙,0,0,0,0,0,0,0
2020/2/3,西班牙,0,0,0,0,0,0,0
2020/2/4,西班牙,1,0,0,1,0,0,1
2020/2/5,西班牙,1,0,0,0,0,0,1
2020/2/6,西班牙,1,0,0,0,0,0,1
2020/2/7,西班牙,1,0,0,0,0,0,1
2020/2/8,西班牙,1,0,0,0,0,0,1
2020/2/9,西班牙,2,0,0,1,0,0,2
2020/2/10,西班牙,2,0,0,0,0,0,2
2020/2/11,西班牙,2,0,0,0,0,0,2
2020/2/12,西班牙,2,0,0,0,0,0,2
2020/2/13,西班牙,2,0,0,0,0,0,2
2020/2/14,西班牙,2,0,0,0,0,0,2
2020/2/15,西班牙,2,0,0,0,0,0,2
2020/2/16,西班牙,2,0,0,0,0,0,2
2020/2/17,西班牙,2,0,0,0,0,0,2
2020/2/18,西班牙,2,0,0,0,0,0,2
2020/2/19,西班牙,2,0,0,0,0,0,2
2020/2/20,西班牙,2,0,0,0,0,0,2
2020/2/21,西班牙,2,0,0,0,0,0,2
2020/2/22,西班牙,2,0,0,0,0,0,2
2020/2/23,西班牙,2,0,0,0,0,0,2
2020/2/24,西班牙,3,2,0,1,2,0,1
2020/2/25,西班牙,7,2,0,4,0,0,5
2020/2/26,西班牙,13,2,0,6,0,0,11
2020/2/27,西班牙,13,2,0,0,0,0,11
2020/2/28,西班牙,41,2,0,28,0,0,39
2020/2/29,西班牙,58,2,0,17,0,0,56
2020/3/1,西班牙,74,2,0,16,0,0,72
2020/3/2,西班牙,124,3,0,50,1,0,121
2020/3/3,西班牙,165,3,1,41,0,1,161
2020/3/4,西班牙,193,3,1,28,0,0,189
2020/3/5,西班牙,248,3,2,55,0,1,243
2020/3/6,西班牙,387,3,5,139,0,3,379
2020/3/7,西班牙,516,30,10,129,27,5,476
2020/3/8,西班牙,674,30,17,158,0,7,627
2020/3/9,西班牙,1231,32,30,557,2,13,1169
2020/3/10,西班牙,1695,32,35,464,0,5,1628
2020/3/11,西班牙,2277,183,55,582,151,20,2039
2020/3/12,西班牙,3146,189,86,869,6,31,2871
2020/3/13,西班牙,4334,189,120,1188,0,34,4025
2020/3/14,西班牙,6393,571,195,2059,382,75,5627
2020/3/15,西班牙,7753,571,195,1360,0,0,6987
2020/3/16,西班牙,9191,571,309,1438,0,114,8311
2020/3/17,西班牙,11178,1028,491,1987,457,182,9659
2020/3/18,西班牙,14769,1081,638,3591,53,147,13050
2020/3/19,西班牙,17147,1081,767,2378,0,129,15299
2020/3/20,西班牙,21510,1588,1093,4363,507,326,18829
2020/3/21,西班牙,24926,1588,1326,3416,0,233,22012
2020/3/22,西班牙,28572,2575,1720,3646,987,394,24277
2020/3/23,西班牙,33089,3355,2182,4517,780,462,27552
2020/3/24,西班牙,42058,3355,2991,8969,0,809,35712
2020/3/25,西班牙,47610,3355,3434,5552,0,443,40821
2020/3/26,西班牙,56197,7015,4145,8587,3660,711,45037
2020/3/27,西班牙,65719,7015,4858,9522,0,713,53846
2020/3/28,西班牙,73232,12285,5982,7513,5270,1124,54965
2020/3/29,西班牙,80110,14709,6803,6878,2424,821,58598
2020/3/30,西班牙,87956,16780,7716,7846,2071,913,63460
2020/2/2,伊朗,0,0,0,0,0,0,0
2020/2/3,伊朗,0,0,0,0,0,0,0
2020/2/4,伊朗,0,0,0,0,0,0,0
2020/2/5,伊朗,0,0,0,0,0,0,0
2020/2/6,伊朗,0,0,0,0,0,0,0
2020/2/7,伊朗,0,0,0,0,0,0,0
2020/2/8,伊朗,0,0,0,0,0,0,0
2020/2/9,伊朗,0,0,0,0,0,0,0
2020/2/10,伊朗,0,0,0,0,0,0,0
2020/2/11,伊朗,0,0,0,0,0,0,0
2020/2/12,伊朗,0,0,0,0,0,0,0
2020/2/13,伊朗,0,0,0,0,0,0,0
2020/2/14,伊朗,0,0,0,0,0,0,0
2020/2/15,伊朗,0,0,0,0,0,0,0
2020/2/16,伊朗,0,0,0,0,0,0,0
2020/2/17,伊朗,0,0,0,0,0,0,0
2020/2/18,伊朗,0,0,0,0,0,0,0
2020/2/19,伊朗,2,0,0,2,0,0,2
2020/2/20,伊朗,5,0,2,3,0,2,3
2020/2/21,伊朗,18,0,4,13,0,2,14
2020/2/22,伊朗,28,0,6,10,0,2,22
2020/2/23,伊朗,43,0,12,15,0,6,31
2020/2/24,伊朗,61,0,12,18,0,0,49
2020/2/25,伊朗,95,0,16,34,0,4,79
2020/2/26,伊朗,139,0,19,44,0,3,120
2020/2/27,伊朗,270,49,26,131,49,7,195
2020/2/28,伊朗,388,49,34,118,0,8,305
2020/2/29,伊朗,593,123,43,205,74,9,427
2020/3/1,伊朗,978,123,54,385,0,11,801
2020/3/2,伊朗,1501,175,66,523,52,12,1260
2020/3/3,伊朗,2336,435,77,835,260,11,1824
2020/3/4,伊朗,2922,435,92,586,0,15,2395
2020/3/5,伊朗,3513,435,107,591,0,15,2971
2020/3/6,伊朗,4747,739,124,1234,304,17,3884
2020/3/7,伊朗,5823,1669,145,1076,930,21,4009
2020/3/8,伊朗,6566,2134,194,743,465,49,4238
2020/3/9,伊朗,7161,2394,237,595,260,43,4530
2020/3/10,伊朗,8042,2731,291,881,337,54,5020
2020/3/11,伊朗,9000,2959,354,958,228,63,5687
2020/3/12,伊朗,10075,3276,429,1075,317,75,6370
2020/3/13,伊朗,11364,3529,514,1289,253,85,7321
2020/3/14,伊朗,12729,4339,611,1365,810,97,7779
2020/3/15,伊朗,13938,4590,724,1209,251,113,8624
2020/3/16,伊朗,14991,4996,853,1053,406,129,9142
2020/3/17,伊朗,16169,5389,988,1178,393,135,9792
2020/3/18,伊朗,17361,5710,1135,1192,321,147,10516
2020/3/19,伊朗,18407,5979,1284,1046,269,149,11144
2020/3/20,伊朗,19644,6745,1433,1237,766,149,11466
2020/3/21,伊朗,20610,7635,1556,966,890,123,11419
2020/3/22,伊朗,21638,7913,1685,1028,278,129,12040
2020/3/23,伊朗,23049,8376,1812,1411,463,127,12861
2020/3/24,伊朗,24811,8913,1934,1762,537,122,13964
2020/3/25,伊朗,27017,9625,2077,2206,712,143,15315
2020/3/26,伊朗,29406,10457,2234,2389,832,157,16715
2020/3/27,伊朗,32332,11133,2378,2926,676,144,18821
2020/3/28,伊朗,35408,11679,2517,3076,546,139,21212
2020/3/29,伊朗,38309,12391,2640,2901,712,123,23278
2020/3/30,伊朗,41495,13911,2757,3186,1520,117,24827
2020/2/2,以色列,0,0,0,0,0,0,0
2020/2/3,以色列,0,0,0,0,0,0,0
2020/2/4,以色列,0,0,0,0,0,0,0
2020/2/5,以色列,0,0,0,0,0,0,0
2020/2/6,以色列,0,0,0,0,0,0,0
2020/2/7,以色列,0,0,0,0,0,0,0
2020/2/8,以色列,0,0,0,0,0,0,0
2020/2/9,以色列,0,0,0,0,0,0,0
2020/2/10,以色列,0,0,0,0,0,0,0
2020/2/11,以色列,0,0,0,0,0,0,0
2020/2/12,以色列,0,0,0,0,0,0,0
2020/2/13,以色列,0,0,0,0,0,0,0
2020/2/14,以色列,0,0,0,0,0,0,0
2020/2/15,以色列,0,0,0,0,0,0,0
2020/2/16,以色列,0,0,0,0,0,0,0
2020/2/17,以色列,0,0,0,0,0,0,0
2020/2/18,以色列,0,0,0,0,0,0,0
2020/2/19,以色列,0,0,0,0,0,0,0
2020/2/20,以色列,0,0,0,0,0,0,0
2020/2/21,以色列,1,0,0,1,0,0,1
2020/2/22,以色列,1,0,0,0,0,0,1
2020/2/23,以色列,2,0,0,1,0,0,2
2020/2/24,以色列,2,0,0,0,0,0,2
2020/2/25,以色列,6,0,0,4,0,0,6
2020/2/26,以色列,6,0,0,0,0,0,6
2020/2/27,以色列,6,1,0,0,1,0,5
2020/2/28,以色列,9,2,0,3,1,0,7
2020/2/29,以色列,9,2,0,0,0,0,7
2020/3/1,以色列,10,2,0,1,0,0,8
2020/3/2,以色列,12,2,0,2,0,0,10
2020/3/3,以色列,12,2,0,0,0,0,10
2020/3/4,以色列,15,2,0,3,0,0,13
2020/3/5,以色列,17,2,0,2,0,0,15
2020/3/6,以色列,21,2,0,4,0,0,19
2020/3/7,以色列,23,2,0,2,0,0,21
2020/3/8,以色列,39,2,0,16,0,0,37
2020/3/9,以色列,50,4,0,11,2,0,46
2020/3/10,以色列,75,4,0,25,0,0,71
2020/3/11,以色列,97,4,0,22,0,0,93
2020/3/12,以色列,109,4,0,12,0,0,105
2020/3/13,以色列,143,4,0,34,0,0,139
2020/3/14,以色列,195,14,0,52,10,0,181
2020/3/15,以色列,213,14,0,18,0,0,199
2020/3/16,以色列,344,14,0,131,0,0,330
2020/3/17,以色列,344,14,0,0,0,0,330
2020/3/18,以色列,433,14,0,89,0,0,419
2020/3/19,以色列,677,14,0,244,0,0,663
2020/3/20,以色列,705,14,1,28,0,1,690
2020/3/21,以色列,883,14,1,178,0,0,868
2020/3/22,以色列,1071,37,1,188,23,0,1033
2020/3/23,以色列,1442,37,1,371,0,0,1404
2020/3/24,以色列,1930,53,3,488,16,2,1874
2020/3/25,以色列,2369,58,5,439,5,2,2306
2020/3/26,以色列,2693,70,8,324,12,3,2615
2020/3/27,以色列,3035,79,12,342,9,4,2944
2020/3/28,以色列,3619,89,12,584,10,0,3518
2020/3/29,以色列,4247,132,15,628,43,3,4100
2020/3/30,以色列,4695,161,16,448,29,1,4518
2020/2/2,意大利,2,0,0,0,0,0,2
2020/2/3,意大利,2,0,0,0,0,0,2
2020/2/4,意大利,2,0,0,0,0,0,2
2020/2/5,意大利,2,0,0,0,0,0,2
2020/2/6,意大利,2,0,0,0,0,0,2
2020/2/7,意大利,2,0,0,0,0,0,2
2020/2/8,意大利,3,0,0,1,0,0,3
2020/2/9,意大利,3,0,0,0,0,0,3
2020/2/10,意大利,3,0,0,0,0,0,3
2020/2/11,意大利,3,0,0,0,0,0,3
2020/2/12,意大利,3,0,0,0,0,0,3
2020/2/13,意大利,3,0,0,0,0,0,3
2020/2/14,意大利,3,0,0,0,0,0,3
2020/2/15,意大利,3,0,0,0,0,0,3
2020/2/16,意大利,3,0,0,0,0,0,3
2020/2/17,意大利,3,0,0,0,0,0,3
2020/2/18,意大利,3,0,0,0,0,0,3
2020/2/19,意大利,3,0,0,0,0,0,3
2020/2/20,意大利,3,0,0,0,0,0,3
2020/2/21,意大利,6,0,0,3,0,0,6
2020/2/22,意大利,79,0,2,73,0,2,77
2020/2/23,意大利,157,1,3,78,1,1,153
2020/2/24,意大利,229,1,7,72,0,4,221
2020/2/25,意大利,323,1,11,94,0,4,311
2020/2/26,意大利,470,3,12,147,2,1,455
2020/2/27,意大利,653,45,17,183,42,5,591
2020/2/28,意大利,888,46,21,235,1,4,821
2020/2/29,意大利,1128,50,29,240,4,8,1049
2020/3/1,意大利,1694,83,34,566,33,5,1577
2020/3/2,意大利,2036,149,52,342,66,18,1835
2020/3/3,意大利,2502,160,79,466,11,27,2263
2020/3/4,意大利,3089,160,107,587,0,28,2822
2020/3/5,意大利,3927,414,148,838,254,41,3365
2020/3/6,意大利,4680,523,197,753,109,49,3960
2020/3/7,意大利,5883,589,233,1203,66,36,5061
2020/3/8,意大利,7424,622,366,1541,33,133,6436
2020/3/9,意大利,9172,724,463,1748,102,97,7985
2020/3/10,意大利,10283,1004,631,1111,280,168,8648
2020/3/11,意大利,12462,1045,827,2179,41,196,10590
2020/3/12,意大利,15113,1258,1016,2651,213,189,12839
2020/3/13,意大利,17660,1439,1266,2547,181,250,14955
2020/3/14,意大利,21157,1966,1441,3497,527,175,17750
2020/3/15,意大利,24747,2335,1809,3590,369,368,20603
2020/3/16,意大利,27980,2749,2158,3233,414,349,23073
2020/3/17,意大利,31506,2941,2503,3526,192,345,26062
2020/3/18,意大利,35713,4025,2978,4207,1084,475,28710
2020/3/19,意大利,41035,4440,3405,5322,415,427,33190
2020/3/20,意大利,47021,5129,4032,5986,689,627,37860
2020/3/21,意大利,53578,6072,4825,6557,943,793,42681
2020/3/22,意大利,59138,7024,5476,5560,952,651,46638
2020/3/23,意大利,63927,7432,6077,4789,408,601,50418
2020/3/24,意大利,69176,8326,6820,5249,894,743,54030
2020/3/25,意大利,74386,9362,7503,5210,1036,683,57521
2020/3/26,意大利,80539,10361,8165,6153,999,662,62013
2020/3/27,意大利,86498,10950,9134,5959,589,969,66414
2020/3/28,意大利,92472,12384,10023,5974,1434,889,70065
2020/3/29,意大利,97689,13030,10779,5217,646,756,73880
2020/3/30,意大利,101739,14620,11591,4050,1590,812,75528
2020/2/2,英国,2,0,0,0,0,0,2
2020/2/3,英国,2,0,0,0,0,0,2
2020/2/4,英国,2,0,0,0,0,0,2
2020/2/5,英国,2,0,0,0,0,0,2
2020/2/6,英国,3,0,0,1,0,0,3
2020/2/7,英国,3,0,0,0,0,0,3
2020/2/8,英国,3,0,0,0,0,0,3
2020/2/9,英国,8,0,0,5,0,0,8
2020/2/10,英国,8,0,0,0,0,0,8
2020/2/11,英国,8,0,0,0,0,0,8
2020/2/12,英国,9,0,0,1,0,0,9
2020/2/13,英国,9,0,0,0,0,0,9
2020/2/14,英国,9,0,0,0,0,0,9
2020/2/15,英国,9,8,0,0,8,0,1
2020/2/16,英国,9,8,0,0,0,0,1
2020/2/17,英国,9,8,0,0,0,0,1
2020/2/18,英国,9,8,0,0,0,0,1
2020/2/19,英国,9,8,0,0,0,0,1
2020/2/20,英国,9,8,0,0,0,0,1
2020/2/21,英国,9,8,0,0,0,0,1
2020/2/22,英国,9,8,0,0,0,0,1
2020/2/23,英国,13,8,0,4,0,0,5
2020/2/24,英国,13,8,0,0,0,0,5
2020/2/25,英国,13,8,0,0,0,0,5
2020/2/26,英国,13,8,0,0,0,0,5
2020/2/27,英国,16,8,0,3,0,0,8
2020/2/28,英国,20,8,0,4,0,0,12
2020/2/29,英国,23,8,0,3,0,0,15
2020/3/1,英国,36,8,0,13,0,0,28
2020/3/2,英国,40,8,0,4,0,0,32
2020/3/3,英国,51,8,0,11,0,0,43
2020/3/4,英国,85,8,0,34,0,0,77
2020/3/5,英国,116,8,1,31,0,1,107
2020/3/6,英国,163,8,2,47,0,1,153
2020/3/7,英国,206,8,2,43,0,0,196
2020/3/8,英国,273,18,2,67,10,0,253
2020/3/9,英国,321,18,5,48,0,3,298
2020/3/10,英国,383,18,6,62,0,1,359
2020/3/11,英国,460,18,8,77,0,2,434
2020/3/12,英国,590,18,10,130,0,2,562
2020/3/13,英国,798,18,10,208,0,0,770
2020/3/14,英国,1140,18,21,342,0,11,1101
2020/3/15,英国,1372,18,35,232,0,14,1319
2020/3/16,英国,1543,18,35,171,0,0,1490
2020/3/17,英国,1950,52,56,407,34,21,1842
2020/3/18,英国,2626,52,71,676,0,15,2503
2020/3/19,英国,3269,79,144,643,27,73,3046
2020/3/20,英国,3983,79,177,714,0,33,3727
2020/3/21,英国,5027,98,234,1044,19,57,4695
2020/3/22,英国,5683,98,281,656,0,47,5304
2020/3/23,英国,6650,98,335,967,0,54,6217
2020/3/24,英国,8077,98,422,1427,0,87,7557
2020/3/25,英国,9529,140,465,1452,42,43,8924
2020/3/26,英国,11658,140,578,2129,0,113,10940
2020/3/27,英国,14579,140,759,2921,0,181,13680
2020/3/28,英国,17089,151,1019,2510,11,260,15919
2020/3/29,英国,19780,151,1231,2691,0,212,18398
2020/3/30,英国,22453,171,1411,2673,20,180,20871
